Tone,Message,City,State,Country,Date
Big Hug,"I didn’t disappear into myself.

You stayed patient with me.

I’m here because of that.",Providence,Rhode Island,United States,2026-05-21
Big Hug,"I held the line one more day.

You probably didn’t even realize you were helping.

It changed the day.",Cheyenne,Wyoming,United States,2026-08-04
Big Hug,"I stayed when running felt easier.

You met me where I was.

It changed the day.",Denver,Colorado,United States,2026-03-11
Big Hug,"I kept breathing when it felt heavy.

You didn’t flinch.

I’m holding onto that kindness.",Rio de Janeiro,,Brazil,2026-06-21
Big Hug,"I stayed when running felt easier.

You gave me room to breathe.

I’m here because of that.",Denver,Colorado,United States,2026-12-23
Big Hug,"I let someone see the mess.

You didn’t try to fix me.

I’m holding onto that kindness.",Minneapolis,Minnesota,United States,2026-08-16
Big Hug,"I kept breathing when it felt heavy.

You probably didn’t even realize you were helping.

That carried me farther than you know.",Paris,,France,2026-08-01
Big Hug,"I stayed in the room.

You reminded me what love feels like.

You just sat with me and that was enough.

That was the anchor.",Denver,Colorado,United States,2026-02-10
Big Hug,"I kept breathing when it felt heavy.

You didn’t flinch.

That carried me farther than you know.",Chicago,Illinois,United States,2026-03-28
Big Hug,"I didn’t quit that night.

You stayed patient with me.

I’m still grateful for that.",Philadelphia,Pennsylvania,United States,2026-04-25
Big Hug,"I didn’t disappear into myself.

You didn’t try to fix me.

I’m still grateful for that.",Fargo,North Dakota,United States,2026-06-07
Big Hug,"I held the line one more day.

You didn’t flinch.

That stayed with me.",New York,New York,United States,2026-03-03
Big Hug,"I didn’t give up on me.

You didn’t flinch.

That carried me farther than you know.",New Orleans,Louisiana,United States,2026-12-30
Big Hug,"I stayed in the room.

You stayed patient with me.

It meant everything in that moment.",Vancouver,,Canada,2026-12-20
Big Hug,"I didn’t shut down.

You stayed on the phone.

I won’t forget it.",Sydney,,Australia,2026-04-11
Big Hug,"I stayed when running felt easier.

I felt loved in a way I didn’t expect.

You stayed on the phone.

I won’t forget it.",Birmingham,Alabama,United States,2026-05-18
Big Hug,"I didn’t give up on me.

You just sat with me and that was enough.

I think about that a lot.",Detroit,Michigan,United States,2026-04-03
Big Hug,"I didn’t disappear into myself.

You gave me room to breathe.

That carried me farther than you know.",Phoenix,Arizona,United States,2026-05-01
Big Hug,"I didn’t quit that night.

You made love feel simple.

You probably didn’t even realize you were helping.

It steadied me.",Birmingham,Alabama,United States,2026-09-14
Big Hug,"I made it through the quiet part.

You stayed patient with me.

I’m holding onto that kindness.",Charlotte,North Carolina,United States,2026-12-07
Big Hug,"I didn’t disappear into myself.

You met me where I was.

I’m holding onto that kindness.",Wichita,Kansas,United States,2026-06-01
Big Hug,"I didn’t disappear into myself.

I felt chosen.

You gave me room to breathe.

I think about that a lot.",Anchorage,Alaska,United States,2026-05-20
Big Hug,"I didn’t shut down.

You didn’t flinch.

That carried me farther than you know.",Portland,Oregon,United States,2026-07-10
Big Hug,"I didn’t give up on me.

You didn’t flinch.

It meant everything in that moment.",Kansas City,Missouri,United States,2026-12-05
Big Hug,"I didn’t quit that night.

You stayed on the phone.

That helped me stay.",Kansas City,Missouri,United States,2026-09-26
Big Hug,"I kept breathing when it felt heavy.

You probably didn’t even realize you were helping.

It meant everything in that moment.",Billings,Montana,United States,2026-03-01
Big Hug,"I made it through the quiet part.

You didn’t flinch.

That helped me stay.",Richmond,Virginia,United States,2026-10-30
Big Hug,"I didn’t shut down.

You reminded me I’m not broken.

That carried me farther than you know.",Paris,,France,2026-09-22
Big Hug,"I didn’t quit that night.

You talked to me like I still mattered.

It meant everything in that moment.",Hartford,Connecticut,United States,2026-04-28
Big Hug,"I held the line one more day.

You stayed on the phone.

I’m still grateful for that.",Honolulu,Hawaii,United States,2026-06-04
Big Hug,"I stayed in the room.

I felt chosen.

You answered when I reached out.

I’m here because of that.",Charleston,West Virginia,United States,2026-04-03
Big Hug,"I stayed when running felt easier.

You just sat with me and that was enough.

That carried me farther than you know.",New Orleans,Louisiana,United States,2026-12-08
Big Hug,"I didn’t disappear into myself.

You made my heart feel safe.

You reminded me I’m not broken.

It changed the day.",Richmond,Virginia,United States,2026-04-26
Big Hug,"I didn’t quit that night.

You reminded me I’m not broken.

I won’t forget it.",New York,New York,United States,2026-05-22
Big Hug,"I let someone see the mess.

You reminded me I’m not broken.

It steadied me.",Phoenix,Arizona,United States,2026-03-09
Big Hug,"I made it through the quiet part.

You reminded me I’m not broken.

It steadied me.",Anchorage,Alaska,United States,2026-11-24
Big Hug,"I stayed in the room.

You talked to me like I still mattered.

That was the anchor.",Minneapolis,Minnesota,United States,2026-12-08
Big Hug,"I made it through the quiet part.

You stayed patient with me.

I think about that a lot.",Cheyenne,Wyoming,United States,2026-02-16
Big Hug,"I kept breathing when it felt heavy.

You didn’t try to fix me.

That helped me stay.",Billings,Montana,United States,2026-08-25
Big Hug,"I didn’t disappear into myself.

You gave me room to breathe.

It meant everything in that moment.",Salt Lake City,Utah,United States,2026-02-09
Big Hug,"I made it through the quiet part.

You gave me room to breathe.

It changed the day.",Tokyo,,Japan,2026-08-14
Big Hug,"I survived the spiral.

You didn’t try to fix me.

It changed the day.",Anchorage,Alaska,United States,2026-09-28
Big Hug,"I didn’t give up on me.

You met me where I was.

That helped me stay.",Boston,Massachusetts,United States,2026-02-07
Big Hug,"I stayed when running felt easier.

You didn’t flinch.

I’m still grateful for that.",Boise,Idaho,United States,2026-09-29
Big Hug,"I stayed when running felt easier.

You just sat with me and that was enough.

I’m still grateful for that.",Boston,Massachusetts,United States,2026-01-24
Big Hug,"I survived the spiral.

You stayed on the phone.

It meant everything in that moment.",Anchorage,Alaska,United States,2026-01-04
Big Hug,"I faced the hard hour.

I believed in us a little more.

You gave me room to breathe.

That was the anchor.",Rio de Janeiro,,Brazil,2026-11-04
Big Hug,"I didn’t give up on me.

You reminded me I’m not broken.

It steadied me.",Sioux Falls,South Dakota,United States,2026-10-28
Big Hug,"I kept breathing when it felt heavy.

You reminded me what love feels like.

You kept it simple and kind.

I think about that a lot.",Minneapolis,Minnesota,United States,2026-05-26
Big Hug,"I made it through the quiet part.

You didn’t try to fix me.

It steadied me.",São Paulo,,Brazil,2026-10-03
Big Hug,"I survived the spiral.

You stayed patient with me.

That helped me stay.",Wilmington,Delaware,United States,2026-05-09
Big Hug,"I stayed in the room.

You just sat with me and that was enough.

I’m here because of that.",Newark,New Jersey,United States,2026-08-05
Big Hug,"I didn’t disappear into myself.

You didn’t try to fix me.

That stayed with me.",Boise,Idaho,United States,2026-10-19
Big Hug,"I didn’t quit that night.

You just sat with me and that was enough.

I’m here because of that.",Toronto,,Canada,2026-02-14
Big Hug,"I didn’t give up on me.

You met me where I was.

It meant everything in that moment.",Milwaukee,Wisconsin,United States,2026-03-26
Big Hug,"I didn’t quit that night.

You probably didn’t even realize you were helping.

I think about that a lot.",London,,United Kingdom,2026-05-26
Big Hug,"I kept breathing when it felt heavy.

You answered when I reached out.

I’m holding onto that kindness.",Providence,Rhode Island,United States,2026-04-08
Big Hug,"I stayed in the room.

You talked to me like I still mattered.

That carried me farther than you know.",Portland,Maine,United States,2026-05-06
Big Hug,"I let someone see the mess.

You talked to me like I still mattered.

It steadied me.",Burlington,Vermont,United States,2026-04-02
Big Hug,"I let someone see the mess.

You stayed patient with me.

That stayed with me.",Hartford,Connecticut,United States,2026-05-23
Big Hug,"I faced the hard hour.

You kept it simple and kind.

That helped me stay.",Osaka,,Japan,2026-10-08
Big Hug,"I made it through the quiet part.

You reminded me I’m not broken.

I’m still grateful for that.",Wilmington,Delaware,United States,2026-01-15
Big Hug,"I didn’t quit that night.

You met me where I was.

I won’t forget it.",Tokyo,,Japan,2026-04-06
Big Hug,"I faced the hard hour.

You stayed on the phone.

I’m still grateful for that.",Boston,Massachusetts,United States,2026-03-19
Big Hug,"I didn’t quit that night.

You reminded me I’m not broken.

It changed the day.",Manchester,New Hampshire,United States,2026-01-18
Big Hug,"I stayed when running felt easier.

You met me where I was.

That carried me farther than you know.",Rio de Janeiro,,Brazil,2026-11-15
Big Hug,"I faced the hard hour.

You stayed on the phone.

I won’t forget it.",Milwaukee,Wisconsin,United States,2026-08-25
Big Hug,"I made it through the quiet part.

You just sat with me and that was enough.

That carried me farther than you know.",Wichita,Kansas,United States,2026-10-27
Big Hug,"I held the line one more day.

You kept it simple and kind.

I won’t forget it.",Kansas City,Missouri,United States,2026-07-16
Big Hug,"I faced the hard hour.

You probably didn’t even realize you were helping.

That stayed with me.",Detroit,Michigan,United States,2026-01-02
Big Hug,"I faced the hard hour.

You gave me room to breathe.

I think about that a lot.",Manchester,,United Kingdom,2026-09-13
Big Hug,"I let someone see the mess.

You answered when I reached out.

That carried me farther than you know.",Nashville,Tennessee,United States,2026-01-31
Big Hug,"I didn’t shut down.

I felt chosen.

You met me where I was.

That carried me farther than you know.",Austin,Texas,United States,2026-04-03
Big Hug,"I didn’t quit that night.

You met me where I was.

That helped me stay.",Philadelphia,Pennsylvania,United States,2026-02-02
Big Hug,"I didn’t quit that night.

You reminded me I’m not broken.

It changed the day.",Des Moines,Iowa,United States,2026-10-12
High Five,"I raised my hand.

You believed it was possible.

And now I know I can.",Sioux Falls,South Dakota,United States,2026-11-27
High Five,"I actually went for it.

You said I was ready.

And I’m glad I did.",Milwaukee,Wisconsin,United States,2026-07-04
High Five,"I hit publish.

You said, “Why not?”

And it was worth it.",New Orleans,Louisiana,United States,2026-06-14
High Five,"I hit publish.

You told me to stop waiting.

And I’m still smiling.",Birmingham,Alabama,United States,2026-12-04
High Five,"I stopped waiting.

You laughed and said go.

And I’m still smiling.",Seattle,Washington,United States,2026-09-05
High Five,"I stopped waiting.

You made love feel simple.

You backed me.

And now I know I can.",Austin,Texas,United States,2026-01-17
High Five,"I booked the ticket.

You pushed me a little.

And it paid off.",Las Vegas,Nevada,United States,2026-09-22
High Five,"I hit publish.

You gave me the nudge.

And it paid off.",Billings,Montana,United States,2026-05-30
High Five,"I actually went for it.

You told me to stop waiting.

And now I know I can.",Lyon,,France,2026-09-16
High Five,"I hit publish.

You pushed me a little.

And it worked out.",Charleston,West Virginia,United States,2026-11-21
High Five,"I sent the application.

You backed me.

And I’m glad I did.",Boise,Idaho,United States,2026-12-17
High Five,"I booked the ticket.

You said I was ready.

And it was worth it.",Charleston,South Carolina,United States,2026-09-24
High Five,"I booked the ticket.

You told me to stop waiting.

And it worked out.",Manchester,New Hampshire,United States,2026-09-30
High Five,"I started the thing.

You told me to stop waiting.

And I want more of that feeling.",Little Rock,Arkansas,United States,2026-03-31
High Five,"I took the leap.

You said I was ready.

And it opened something new.",Minneapolis,Minnesota,United States,2026-11-01
High Five,"I made the call.

You dared me in the nicest way.

And it changed the week.",Albuquerque,New Mexico,United States,2026-03-26
High Five,"I took the leap.

You pushed me a little.

And I’d do it again.",Omaha,Nebraska,United States,2026-02-27
High Five,"I sent the application.

You laughed and said go.

And I’m still smiling.",Des Moines,Iowa,United States,2026-11-08
High Five,"I took the leap.

You told me to stop waiting.

And it opened something new.",Newark,New Jersey,United States,2026-08-12
High Five,"I took the leap.

You made my heart feel safe.

You believed it was possible.

And it opened something new.",Little Rock,Arkansas,United States,2026-05-01
High Five,"I raised my hand.

You turned an ordinary day romantic.

You made it sound doable.

And now I know I can.",Nashville,Tennessee,United States,2026-12-09
High Five,"I sent the application.

You dared me in the nicest way.

And I want more of that feeling.",Osaka,,Japan,2026-08-14
High Five,"I booked the ticket.

You reminded me what love feels like.

You laughed and said go.

And it worked out.",Boston,Massachusetts,United States,2026-10-08
High Five,"I walked in and asked.

You dared me in the nicest way.

And I’m glad I did.",Tokyo,,Japan,2026-05-12
High Five,"I booked the ticket.

You pushed me a little.

And I’m proud of it.",Rio de Janeiro,,Brazil,2026-05-01
High Five,"I sent the application.

I trusted the moment.

You believed it was possible.

And I’m still smiling.",Tokyo,,Japan,2026-05-13
High Five,"I booked the ticket.

You called my bluff.

And it changed the week.",Richmond,Virginia,United States,2026-09-08
High Five,"I stopped waiting.

You said I was ready.

And I’d do it again.",Miami,Florida,United States,2026-10-06
High Five,"I started the thing.

You said, “Why not?”

And it worked out.",Des Moines,Iowa,United States,2026-04-24
High Five,"I walked in and asked.

You said I was ready.

And it worked out.",New York,New York,United States,2026-10-25
High Five,"I took the leap.

You backed me.

And I’m proud of it.",Wichita,Kansas,United States,2026-11-05
High Five,"I tried it anyway.

You laughed and said go.

And I’m proud of it.",Columbus,Ohio,United States,2026-09-13
High Five,"I took the leap.

You said I was ready.

And it worked out.",Sioux Falls,South Dakota,United States,2026-05-14
High Five,"I took the leap.

You dared me in the nicest way.

And I’m still smiling.",Jackson,Mississippi,United States,2026-01-19
High Five,"I booked the ticket.

You made it sound doable.

And it worked out.",Atlanta,Georgia,United States,2026-04-14
High Five,"I walked in and asked.

You made it sound doable.

And I want more of that feeling.",Jackson,Mississippi,United States,2026-11-02
High Five,"I actually went for it.

You called my bluff.

And I’m glad I did.",Jackson,Mississippi,United States,2026-01-27
High Five,"I booked the ticket.

You said, “Why not?”

And it was worth it.",Portland,Maine,United States,2026-10-21
High Five,"I made the call.

You called my bluff.

And it was worth it.",Kansas City,Missouri,United States,2026-08-18
High Five,"I started the thing.

You said, “Why not?”

And it was worth it.",Honolulu,Hawaii,United States,2026-04-03
High Five,"I sent the application.

You made it sound doable.

And I’d do it again.",Columbus,Ohio,United States,2026-06-16
High Five,"I walked in and asked.

You dared me in the nicest way.

And it surprised me.",Philadelphia,Pennsylvania,United States,2026-03-19
High Five,"I actually went for it.

You pushed me a little.

And it paid off.",Boise,Idaho,United States,2026-11-08
High Five,"I stopped waiting.

You hyped me up just enough.

And I want more of that feeling.",Boston,Massachusetts,United States,2026-01-10
High Five,"I sent the application.

You told me to stop waiting.

And it changed the week.",Melbourne,,Australia,2026-11-08
High Five,"I made the call.

You backed me.

And it paid off.",Boston,Massachusetts,United States,2026-09-12
High Five,"I made the call.

You said I was ready.

And I want more of that feeling.",Hartford,Connecticut,United States,2026-08-11
High Five,"I raised my hand.

You backed me.

And it opened something new.",Portland,Maine,United States,2026-09-15
High Five,"I hit publish.

I felt chosen.

You believed it was possible.

And it surprised me.",Chicago,Illinois,United States,2026-08-15
High Five,"I signed up.

You pushed me a little.

And I’d do it again.",Anchorage,Alaska,United States,2026-05-15
High Five,"I sent the application.

You called my bluff.

And it worked out.",Newark,New Jersey,United States,2026-01-16
High Five,"I raised my hand.

You gave me the nudge.

And now I know I can.",New York,New York,United States,2026-02-07
High Five,"I took the leap.

You gave me the nudge.

And it changed the week.",Atlanta,Georgia,United States,2026-02-28
High Five,"I booked the ticket.

You laughed and said go.

And it was worth it.",Newark,New Jersey,United States,2026-04-02
High Five,"I sent the application.

You said, “Why not?”

And it surprised me.",Montreal,,Canada,2026-10-19
High Five,"I took the leap.

You backed me.

And I’m glad I did.",Billings,Montana,United States,2026-11-24
High Five,"I sent the application.

You made it sound doable.

And I’m still smiling.",Atlanta,Georgia,United States,2026-10-06
High Five,"I hit publish.

You told me to stop waiting.

And it paid off.",Indianapolis,Indiana,United States,2026-10-24
High Five,"I started the thing.

You told me to stop waiting.

And it surprised me.",Detroit,Michigan,United States,2026-05-02
High Five,"I actually went for it.

You laughed and said go.

And it paid off.",São Paulo,,Brazil,2026-11-16
High Five,"I hit publish.

You hyped me up just enough.

And I’d do it again.",Sydney,,Australia,2026-03-16
High Five,"I started the thing.

You gave me the nudge.

And I’m still smiling.",Fargo,North Dakota,United States,2026-01-28
High Five,"I walked in and asked.

You pushed me a little.

And it worked out.",Columbus,Ohio,United States,2026-06-09
High Five,"I sent the application.

You said, “Why not?”

And I’m still smiling.",Jackson,Mississippi,United States,2026-08-06
High Five,"I actually went for it.

You dared me in the nicest way.

And it paid off.",Melbourne,,Australia,2026-01-22
High Five,"I started the thing.

You called my bluff.

And I want more of that feeling.",Tokyo,,Japan,2026-12-23
High Five,"I booked the ticket.

You dared me in the nicest way.

And it paid off.",Albuquerque,New Mexico,United States,2026-06-10
High Five,"I stopped waiting.

You gave me the nudge.

And it was worth it.",Montreal,,Canada,2026-11-15
High Five,"I stopped waiting.

You pushed me a little.

And I’d do it again.",Sydney,,Australia,2026-09-27
High Five,"I tried it anyway.

You backed me.

And I’m glad I did.",Boston,Massachusetts,United States,2026-05-16
High Five,"I sent the application.

You pushed me a little.

And it paid off.",Las Vegas,Nevada,United States,2026-10-29
High Five,"I made the call.

You told me to stop waiting.

And it surprised me.",Columbus,Ohio,United States,2026-09-13
High Five,"I made the call.

You called my bluff.

And I want more of that feeling.",Tokyo,,Japan,2026-02-15
High Five,"I made the call.

You gave me the nudge.

And it paid off.",Melbourne,,Australia,2026-11-29
High Five,"I walked in and asked.

You told me to stop waiting.

And it was worth it.",Wilmington,Delaware,United States,2026-09-19
Coffee Break,"I chose patience.

You showed quiet support.

It improved the whole day.",Melbourne,,Australia,2026-03-29
Coffee Break,"I kept things steady.

You reminded me what mattered.

I won’t overlook that.",Baltimore,Maryland,United States,2026-07-13
Coffee Break,"I did the next right thing.

You helped me think clearly.

Thank you for it.",Chicago,Illinois,United States,2026-05-11
Coffee Break,"I kept perspective.

You checked in at the right time.

It helped more than you know.",Oklahoma City,Oklahoma,United States,2026-05-08
Coffee Break,"I did the next right thing.

You gave me exactly the advice I needed.

I won’t overlook that.",Toronto,,Canada,2026-03-23
Coffee Break,"I handled that better than I expected.

I felt loved in a way I didn’t expect.

You showed quiet support.

It helped more than you know.",Fargo,North Dakota,United States,2026-09-12
Coffee Break,"I did the next right thing.

Your message helped center me.

I won’t overlook that.",Miami,Florida,United States,2026-12-20
Coffee Break,"I chose patience.

You kept me focused.

Thank you for it.",Montreal,,Canada,2026-12-04
Coffee Break,"I stayed calm through the day.

You grounded me.

That made a difference.",Baltimore,Maryland,United States,2026-11-02
Coffee Break,"I moved through it cleanly.

You reminded me what mattered.

That made a difference.",New Orleans,Louisiana,United States,2026-08-21
Coffee Break,"I did the next right thing.

You grounded me.

It helped more than you know.",Denver,Colorado,United States,2026-02-01
Coffee Break,"I chose patience.

You helped me think clearly.

It improved the whole day.",Lyon,,France,2026-06-11
Coffee Break,"I kept perspective.

You grounded me.

I’m thankful for you.",Austin,Texas,United States,2026-07-30
Coffee Break,"I followed through.

You offered simple clarity.

That was real kindness.",Minneapolis,Minnesota,United States,2026-08-28
Coffee Break,"I did the next right thing.

You brought calm into it.

That made a difference.",Honolulu,Hawaii,United States,2026-07-06
Coffee Break,"I showed up prepared.

You offered simple clarity.

Thank you for it.",Richmond,Virginia,United States,2026-12-24
Coffee Break,"I handled that better than I expected.

You helped me think clearly.

I’m thankful for you.",Salt Lake City,Utah,United States,2026-04-21
Coffee Break,"I moved through it cleanly.

You made my heart feel safe.

Your message helped center me.

I appreciate that.",Baltimore,Maryland,United States,2026-12-27
Coffee Break,"I finished what I started.

You checked in at the right time.

I appreciate that.",Birmingham,Alabama,United States,2026-01-22
Coffee Break,"I stayed focused.

You helped me think clearly.

I noticed and I’m grateful.",Omaha,Nebraska,United States,2026-03-07
Coffee Break,"I moved through it cleanly.

You brought calm into it.

It improved the whole day.",London,,United Kingdom,2026-09-08
Coffee Break,"I didn’t overcomplicate it.

You grounded me.

That made a difference.",Anchorage,Alaska,United States,2026-11-04
Coffee Break,"I kept perspective.

You helped me reset.

Thank you for it.",Denver,Colorado,United States,2026-03-10
Coffee Break,"I stayed calm through the day.

You kept me focused.

Thank you for it.",Salt Lake City,Utah,United States,2026-03-16
Coffee Break,"I kept things steady.

You helped me reset.

It improved the whole day.",Lyon,,France,2026-08-22
Coffee Break,"I moved through it cleanly.

You kept me focused.

It helped more than you know.",New York,New York,United States,2026-09-25
Coffee Break,"I handled that better than I expected.

You offered simple clarity.

I’m glad you did that.",Osaka,,Japan,2026-01-21
Coffee Break,"I chose patience.

You kept me focused.

Thank you for it.",Baltimore,Maryland,United States,2026-01-02
Coffee Break,"I finished what I started.

You kept me focused.

It improved the whole day.",São Paulo,,Brazil,2026-05-04
Coffee Break,"I stayed focused.

You kept me focused.

I’m glad you did that.",Las Vegas,Nevada,United States,2026-07-29
Coffee Break,"I showed up prepared.

You kept me focused.

It improved the whole day.",Rio de Janeiro,,Brazil,2026-09-27
Coffee Break,"I did the next right thing.

You showed quiet support.

Thank you for it.",Salt Lake City,Utah,United States,2026-03-14
Coffee Break,"I finished what I started.

You checked in at the right time.

That meant a lot.",Baltimore,Maryland,United States,2026-02-16
Coffee Break,"I stayed focused.

You brought calm into it.

I’m thankful for you.",Charleston,West Virginia,United States,2026-07-21
Coffee Break,"I followed through.

You showed quiet support.

I noticed and I’m grateful.",New York,New York,United States,2026-10-12
Coffee Break,"I showed up prepared.

You checked in at the right time.

It improved the whole day.",Kansas City,Missouri,United States,2026-06-02
Coffee Break,"I stayed calm through the day.

You reminded me what mattered.

It improved the whole day.",Indianapolis,Indiana,United States,2026-08-30
Coffee Break,"I finished what I started.

You helped me reset.

That made a difference.",Osaka,,Japan,2026-08-06
Coffee Break,"I kept things steady.

You offered simple clarity.

That made a difference.",Jackson,Mississippi,United States,2026-02-09
Coffee Break,"I chose patience.

You offered simple clarity.

I won’t overlook that.",Indianapolis,Indiana,United States,2026-01-18
Coffee Break,"I moved through it cleanly.

You reminded me what mattered.

It improved the whole day.",Montreal,,Canada,2026-12-15
Coffee Break,"I chose patience.

You steadied the situation.

I’m glad you did that.",Columbus,Ohio,United States,2026-11-10
Coffee Break,"I handled that better than I expected.

You gave me exactly the advice I needed.

It improved the whole day.",Jackson,Mississippi,United States,2026-04-28
Coffee Break,"I didn’t overcomplicate it.

You steadied the situation.

I noticed and I’m grateful.",Denver,Colorado,United States,2026-06-01
Coffee Break,"I followed through.

You gave me exactly the advice I needed.

That meant a lot.",Portland,Oregon,United States,2026-05-10
Coffee Break,"I did the next right thing.

You steadied the situation.

I noticed and I’m grateful.",Manchester,,United Kingdom,2026-03-02
Coffee Break,"I did the next right thing.

You steadied the situation.

It improved the whole day.",Columbus,Ohio,United States,2026-10-10
Coffee Break,"I stayed calm through the day.

You grounded me.

That made a difference.",Detroit,Michigan,United States,2026-05-04
Coffee Break,"I handled that better than I expected.

Your message helped center me.

I won’t overlook that.",Wichita,Kansas,United States,2026-08-03
Coffee Break,"I didn’t overcomplicate it.

You kept me focused.

Thank you for it.",Manchester,,United Kingdom,2026-08-25
Coffee Break,"I kept perspective.

You reminded me what mattered.

It improved the whole day.",Las Vegas,Nevada,United States,2026-02-14
Coffee Break,"I finished what I started.

You gave me exactly the advice I needed.

It improved the whole day.",Hartford,Connecticut,United States,2026-04-27
Coffee Break,"I finished what I started.

You reminded me what love feels like.

You reminded me what mattered.

That support mattered.",Denver,Colorado,United States,2026-07-06
Coffee Break,"I didn’t overcomplicate it.

Your message helped center me.

I’m thankful for you.",Kansas City,Missouri,United States,2026-06-08
Coffee Break,"I stayed focused.

You grounded me.

That made a difference.",Los Angeles,California,United States,2026-06-22
Coffee Break,"I stayed calm through the day.

You brought calm into it.

It helped more than you know.",Phoenix,Arizona,United States,2026-11-09
Coffee Break,"I kept perspective.

You offered simple clarity.

I won’t overlook that.",Little Rock,Arkansas,United States,2026-04-22
Coffee Break,"I followed through.

You offered simple clarity.

It improved the whole day.",Philadelphia,Pennsylvania,United States,2026-01-21
Coffee Break,"I didn’t overcomplicate it.

You brought calm into it.

I appreciate that.",London,,United Kingdom,2026-03-24
Coffee Break,"I stayed focused.

You helped me reset.

I appreciate that.",Detroit,Michigan,United States,2026-07-26
Coffee Break,"I showed up prepared.

You reminded me what mattered.

It helped more than you know.",Portland,Oregon,United States,2026-10-27
Coffee Break,"I kept perspective.

You brought calm into it.

That meant a lot.",Lyon,,France,2026-11-29
Coffee Break,"I followed through.

You offered simple clarity.

It improved the whole day.",Portland,Maine,United States,2026-01-30
Coffee Break,"I didn’t overcomplicate it.

You reminded me what mattered.

That made a difference.",Nashville,Tennessee,United States,2026-06-25
Coffee Break,"I did the next right thing.

Your message helped center me.

I noticed and I’m grateful.",Manchester,New Hampshire,United States,2026-10-18
Coffee Break,"I stayed calm through the day.

You helped me reset.

I’m glad you did that.",Portland,Oregon,United States,2026-12-22
Coffee Break,"I chose patience.

You showed quiet support.

Thank you for it.",Vancouver,,Canada,2026-10-30
Coffee Break,"I showed up prepared.

You kept me focused.

Thank you for it.",Milwaukee,Wisconsin,United States,2026-04-01
Coffee Break,"I followed through.

You helped me think clearly.

That support mattered.",Anchorage,Alaska,United States,2026-08-25
Coffee Break,"I stayed calm through the day.

You helped me reset.

That meant a lot.",Jackson,Mississippi,United States,2026-07-21
Coffee Break,"I finished what I started.

You offered simple clarity.

I’m thankful for you.",Cheyenne,Wyoming,United States,2026-04-20
Coffee Break,"I followed through.

You kept me focused.

That meant a lot.",Sioux Falls,South Dakota,United States,2026-07-15
Coffee Break,"I followed through.

You offered simple clarity.

I’m thankful for you.",Charleston,South Carolina,United States,2026-07-13
Coffee Break,"I chose patience.

You checked in at the right time.

That meant a lot.",Tokyo,,Japan,2026-01-26
Coffee Break,"I finished what I started.

You gave me exactly the advice I needed.

I noticed and I’m grateful.",Omaha,Nebraska,United States,2026-04-21
Sunshine,"I relaxed a little.

I felt loved in a way I didn’t expect.

You kept things bright.

That was lovely.",London,,United Kingdom,2026-08-03
Sunshine,"I felt like myself.

You lifted the mood.

Keep doing that.",Sydney,,Australia,2026-06-27
Sunshine,"I laughed harder than I expected.

You kept it playful.

I’m glad you were there.",Tokyo,,Japan,2026-05-07
Sunshine,"I felt a spark of joy.

You made my heart feel safe.

You reminded me to enjoy it.

That stuck with me.",Boston,Massachusetts,United States,2026-04-05
Sunshine,"I felt a spark of joy.

You made space for fun.

Keep doing that.",Des Moines,Iowa,United States,2026-10-09
Sunshine,"I smiled for no reason.

You added warmth to the day.

That was lovely.",Tokyo,,Japan,2026-03-25
Sunshine,"I didn’t overthink it.

You made my heart feel safe.

You added warmth to the day.

It meant a lot.",Sydney,,Australia,2026-09-03
Sunshine,"I stayed present.

You made it feel effortless.

I’ll take more of that.",Columbus,Ohio,United States,2026-04-15
Sunshine,"I noticed the good stuff.

You brought good energy.

That was lovely.",Las Vegas,Nevada,United States,2026-07-24
Sunshine,"I noticed the good stuff.

You made it feel effortless.

That helped.",Philadelphia,Pennsylvania,United States,2026-04-20
Sunshine,"I enjoyed the moment.

You reminded me to enjoy it.

It meant a lot.",Fargo,North Dakota,United States,2026-11-01
Sunshine,"I didn’t overthink it.

You added warmth to the day.

I needed that.",Boston,Massachusetts,United States,2026-08-28
Sunshine,"I enjoyed the moment.

I felt loved in a way I didn’t expect.

You lifted the mood.

I’ll take more of that.",Wilmington,Delaware,United States,2026-06-07
Sunshine,"The day felt lighter.

I believed in us a little more.

You reminded me to enjoy it.

I’m glad you were there.",Tokyo,,Japan,2026-08-30
Sunshine,"I felt like myself.

You added warmth to the day.

That was sweet.",Seattle,Washington,United States,2026-08-17
Sunshine,"I let things be easy.

You made space for fun.

That was sweet.",Los Angeles,California,United States,2026-09-08
Sunshine,"I noticed the good stuff.

You made it feel effortless.

I’m grateful for it.",Los Angeles,California,United States,2026-11-17
Sunshine,"I had fun again.

You lifted the mood.

That was lovely.",Portland,Oregon,United States,2026-12-14
Sunshine,"I let things be easy.

I felt loved in a way I didn’t expect.

You showed up smiling.

I’m grateful for it.",Nashville,Tennessee,United States,2026-04-03
Sunshine,"I didn’t overthink it.

You shared your joy with me.

I’ll take more of that.",Osaka,,Japan,2026-09-07
Sunshine,"I had fun again.

You shared your joy with me.

It meant a lot.",Newark,New Jersey,United States,2026-04-15
Sunshine,"I let things be easy.

You showed up smiling.

Keep doing that.",Atlanta,Georgia,United States,2026-10-04
Sunshine,"I laughed harder than I expected.

You made space for fun.

It meant a lot.",Omaha,Nebraska,United States,2026-07-16
Sunshine,"I didn’t overthink it.

You reminded me to enjoy it.

That was sweet.",Des Moines,Iowa,United States,2026-08-03
Sunshine,"I didn’t overthink it.

You showed up smiling.

I’m glad you were there.",Seattle,Washington,United States,2026-02-07
Sunshine,"I felt like myself.

You added warmth to the day.

I’m glad you were there.",Atlanta,Georgia,United States,2026-01-25
Sunshine,"I had fun again.

You lifted the mood.

I’m glad you were there.",São Paulo,,Brazil,2026-12-20
Sunshine,"I let things be easy.

You reminded me to enjoy it.

I’m grateful for it.",Austin,Texas,United States,2026-05-22
Sunshine,"I stayed present.

You made it simple.

I’m glad you were there.",Little Rock,Arkansas,United States,2026-07-05
Sunshine,"I laughed harder than I expected.

You brought good energy.

It made everything nicer.",Nashville,Tennessee,United States,2026-05-21
Sunshine,"I noticed the good stuff.

You brought good energy.

I’m grateful for it.",Indianapolis,Indiana,United States,2026-11-14
Sunshine,"I smiled for no reason.

You made space for fun.

I’m grateful for it.",Osaka,,Japan,2026-01-10
Sunshine,"I didn’t overthink it.

You brought good energy.

That stuck with me.",Lyon,,France,2026-09-23
Sunshine,"I stayed present.

You made space for fun.

I needed that.",Richmond,Virginia,United States,2026-04-04
Sunshine,"I noticed the good stuff.

You made it simple.

That stuck with me.",Seattle,Washington,United States,2026-05-15
Sunshine,"The day felt lighter.

You made love feel simple.

You kept it playful.

I’ll take more of that.",Denver,Colorado,United States,2026-09-20
Sunshine,"I relaxed a little.

You kept it playful.

I needed that.",Denver,Colorado,United States,2026-07-21
Sunshine,"I let things be easy.

You made love feel simple.

You made it feel effortless.

That helped.",Paris,,France,2026-10-18
Sunshine,"I smiled for no reason.

You kept it playful.

Keep doing that.",Albuquerque,New Mexico,United States,2026-11-29
Sunshine,"I stayed present.

You made it feel effortless.

I needed that.",Salt Lake City,Utah,United States,2026-04-22
Sunshine,"I noticed the good stuff.

You reminded me what love feels like.

You made space for fun.

It meant a lot.",Philadelphia,Pennsylvania,United States,2026-05-18
Sunshine,"I enjoyed the moment.

You brought good energy.

That stuck with me.",Salt Lake City,Utah,United States,2026-02-22
Sunshine,"I let things be easy.

You shared your joy with me.

That was lovely.",Baltimore,Maryland,United States,2026-07-04
Sunshine,"I felt like myself.

You kept things bright.

Thanks for that spark.",Baltimore,Maryland,United States,2026-01-30
Sunshine,"I felt a spark of joy.

You made space for fun.

It meant a lot.",Atlanta,Georgia,United States,2026-03-20
Sunshine,"I noticed the good stuff.

I felt close to you.

You reminded me to enjoy it.

I’m grateful for it.",Louisville,Kentucky,United States,2026-07-04
Sunshine,"I felt a spark of joy.

You made space for fun.

That stuck with me.",Portland,Oregon,United States,2026-03-12
Sunshine,"I stayed present.

You added warmth to the day.

Thanks for that spark.",Hartford,Connecticut,United States,2026-05-04
Sunshine,"I relaxed a little.

You made it simple.

Thanks for that spark.",Seattle,Washington,United States,2026-03-03
Sunshine,"I enjoyed the moment.

You kept things bright.

That was lovely.",Boise,Idaho,United States,2026-01-11
Sunshine,"I let things be easy.

I felt close to you.

You reminded me to enjoy it.

That was sweet.",Portland,Maine,United States,2026-06-14
Sunshine,"I felt like myself.

You reminded me to enjoy it.

I’m glad you were there.",Honolulu,Hawaii,United States,2026-07-16
Sunshine,"I noticed the good stuff.

You lifted the mood.

That helped.",Newark,New Jersey,United States,2026-08-19
Sunshine,"I noticed the good stuff.

You made it simple.

Keep doing that.",Providence,Rhode Island,United States,2026-02-12
Sunshine,"I enjoyed the moment.

You lifted the mood.

I’m glad you were there.",Portland,Oregon,United States,2026-07-15
Sunshine,"I enjoyed the moment.

You kept it playful.

It made everything nicer.",Baltimore,Maryland,United States,2026-06-16
Sunshine,"I let things be easy.

You lifted the mood.

It made everything nicer.",Milwaukee,Wisconsin,United States,2026-05-12
Sunshine,"I felt a spark of joy.

You brought good energy.

I’m grateful for it.",Burlington,Vermont,United States,2026-09-23
Sunshine,"I laughed harder than I expected.

You brought good energy.

I’m glad you were there.",Newark,New Jersey,United States,2026-12-09
Sunshine,"I relaxed a little.

You made space for fun.

I needed that.",Charleston,West Virginia,United States,2026-01-29
Sunshine,"I noticed the good stuff.

You brought good energy.

That was lovely.",Fargo,North Dakota,United States,2026-06-04
Sunshine,"I enjoyed the moment.

You reminded me what love feels like.

You added warmth to the day.

I’m glad you were there.",Milwaukee,Wisconsin,United States,2026-07-21
Sunshine,"The day felt lighter.

You lifted the mood.

Thanks for that spark.",Newark,New Jersey,United States,2026-11-08
Sunshine,"I let things be easy.

You kept it playful.

I’m grateful for it.",Sydney,,Australia,2026-05-03
Sunshine,"I felt like myself.

You kept things bright.

It meant a lot.",São Paulo,,Brazil,2026-09-08
Sunshine,"I felt like myself.

You kept it playful.

That stuck with me.",Los Angeles,California,United States,2026-01-21
Sunshine,"I felt like myself.

You kept things bright.

That helped.",Charleston,West Virginia,United States,2026-04-07
Sunshine,"I smiled for no reason.

You made it feel effortless.

That was lovely.",Milwaukee,Wisconsin,United States,2026-03-19
Sunshine,"I had fun again.

You showed up smiling.

It made everything nicer.",Denver,Colorado,United States,2026-09-21
Sunshine,"I had fun again.

You made space for fun.

That helped.",Columbus,Ohio,United States,2026-11-01
Sunshine,"I relaxed a little.

You made space for fun.

Thanks for that spark.",Seattle,Washington,United States,2026-03-07
Sunshine,"I felt like myself.

You shared your joy with me.

I’m grateful for it.",Fargo,North Dakota,United States,2026-01-17
Sunshine,"I noticed the good stuff.

You were easy to be around.

I’m glad you were there.",Fargo,North Dakota,United States,2026-04-17
Sunshine,"I let things be easy.

You made it simple.

Thanks for that spark.",Burlington,Vermont,United States,2026-06-09
Sunshine,"I didn’t overthink it.

You lifted the mood.

That stuck with me.",Paris,,France,2026-07-30
